{
  "separator.py": 1774703599.1201558,
  "db.py": 1774867824.4932203,
  "apify_download.py": 1775619545.0,
  "downloader.py": 1774801044.7132595,
  "composer.py": 1774868864.805765,
  "transcriber.py": 1774703599.1210215,
  "cloud_separator.py": 1774868857.824667,
  "tts_engine.py": 1774703599.1214094,
  "app.py": 1774866637.898499,
  "translator.py": 1774703599.121156,
  "main.py": 1774703599.1199265,
  "requirements.txt": 1774703599.120039
}